{
    "total_runtime": 157.16849088668823,
    "num_documents": 15,
    "input_load_time": 0,
    "workflows": {
        "create_base_text_units": {
            "overall": 0.8308601379394531,
            "0_orderby": 0.02215719223022461,
            "1_zip": 0.002427816390991211,
            "2_aggregate_override": 0.011067867279052734,
            "3_chunk": 0.74387526512146,
            "4_select": 0.002880096435546875,
            "5_unroll": 0.013112068176269531,
            "6_rename": 0.001428842544555664,
            "7_genid": 0.004367828369140625,
            "8_unzip": 0.010278940200805664,
            "9_copy": 0.0003829002380371094,
            "10_filter": 0.018446922302246094
        },
        "create_base_extracted_entities": {
            "overall": 69.24376893043518,
            "0_entity_extract": 69.18807077407837,
            "1_merge_graphs": 0.0530393123626709
        },
        "create_summarized_entities": {
            "overall": 43.922895193099976,
            "0_summarize_descriptions": 43.9227991104126
        },
        "create_base_entity_graph": {
            "overall": 0.0626990795135498,
            "0_cluster_graph": 0.06169915199279785,
            "1_select": 0.0008878707885742188
        },
        "create_final_entities": {
            "overall": 27.111056089401245,
            "0_unpack_graph": 0.020437955856323242,
            "1_rename": 0.0006449222564697266,
            "2_select": 0.0007798671722412109,
            "3_dedupe": 0.0019958019256591797,
            "4_rename": 0.00044083595275878906,
            "5_filter": 0.00503993034362793,
            "6_text_split": 0.0052759647369384766,
            "7_drop": 0.0015659332275390625,
            "8_merge": 0.05561518669128418,
            "9_text_embed": 27.01144814491272,
            "10_drop": 0.0012328624725341797,
            "11_filter": 0.006043910980224609
        },
        "create_final_nodes": {
            "overall": 0.24680185317993164,
            "0_layout_graph": 0.1412968635559082,
            "1_unpack_graph": 0.0330510139465332,
            "2_unpack_graph": 0.019238948822021484,
            "3_drop": 0.0008442401885986328,
            "4_filter": 0.012427806854248047,
            "5_select": 0.0010602474212646484,
            "6_rename": 0.0005908012390136719,
            "7_join": 0.02476787567138672,
            "8_convert": 0.012276887893676758,
            "9_rename": 0.0008208751678466797
        },
        "create_final_communities": {
            "overall": 0.09442710876464844,
            "0_unpack_graph": 0.015013933181762695,
            "1_unpack_graph": 0.012226104736328125,
            "2_aggregate_override": 0.015202045440673828,
            "3_join": 0.01042485237121582,
            "4_join": 0.007796049118041992,
            "5_concat": 0.0005059242248535156,
            "6_filter": 0.011854171752929688,
            "7_aggregate_override": 0.0045549869537353516,
            "8_join": 0.007135868072509766,
            "9_filter": 0.006036996841430664,
            "10_fill": 0.0006468296051025391,
            "11_merge": 0.0015828609466552734,
            "12_copy": 0.00041866302490234375,
            "13_select": 0.0005578994750976562
        },
        "join_text_units_to_entity_ids": {
            "overall": 0.008043050765991211,
            "0_select": 0.0007610321044921875,
            "1_unroll": 0.002821207046508789,
            "2_aggregate_override": 0.004291057586669922
        },
        "create_final_relationships": {
            "overall": 0.032369136810302734,
            "0_unpack_graph": 0.013751745223999023,
            "1_filter": 0.00491023063659668,
            "2_rename": 0.00038504600524902344,
            "3_filter": 0.004400968551635742,
            "4_drop": 0.0005738735198974609,
            "5_compute_edge_combined_degree": 0.005540132522583008,
            "6_convert": 0.0018379688262939453,
            "7_convert": 0.0006740093231201172
        },
        "join_text_units_to_relationship_ids": {
            "overall": 0.008023977279663086,
            "0_select": 0.0007932186126708984,
            "1_unroll": 0.0020847320556640625,
            "2_aggregate_override": 0.004191160202026367,
            "3_select": 0.0007872581481933594
        },
        "create_final_community_reports": {
            "overall": 10.43491506576538,
            "0_prepare_community_reports_nodes": 0.0052869319915771484,
            "1_prepare_community_reports_edges": 0.00480198860168457,
            "2_restore_community_hierarchy": 0.005536079406738281,
            "3_prepare_community_reports": 0.037300825119018555,
            "4_create_community_reports": 10.380849123001099,
            "5_window": 0.0007748603820800781
        },
        "create_final_text_units": {
            "overall": 0.0200197696685791,
            "0_select": 0.0009191036224365234,
            "1_rename": 0.0004420280456542969,
            "2_join": 0.006297111511230469,
            "3_join": 0.00768733024597168,
            "4_aggregate_override": 0.0039479732513427734,
            "5_select": 0.0005319118499755859
        },
        "create_base_documents": {
            "overall": 0.022845029830932617,
            "0_unroll": 0.0029168128967285156,
            "1_select": 0.0006821155548095703,
            "2_rename": 0.0005300045013427734,
            "3_join": 0.006975412368774414,
            "4_aggregate_override": 0.0024259090423583984,
            "5_join": 0.0073490142822265625,
            "6_rename": 0.0004649162292480469,
            "7_convert": 0.0012569427490234375
        },
        "create_final_documents": {
            "overall": 0.0008189678192138672,
            "0_rename": 0.0007343292236328125
        }
    }
}