{
    "total_runtime": 190.9689269065857,
    "num_documents": 147,
    "input_load_time": 0,
    "workflows": {
        "create_base_text_units": {
            "overall": 4.193237066268921,
            "0_orderby": 0.020054101943969727,
            "1_zip": 0.007223844528198242,
            "2_aggregate_override": 0.01620316505432129,
            "3_chunk": 4.015916109085083,
            "4_select": 0.015310049057006836,
            "5_unroll": 0.01584792137145996,
            "6_rename": 0.0057718753814697266,
            "7_genid": 0.017176151275634766,
            "8_unzip": 0.01343679428100586,
            "9_copy": 0.016835927963256836,
            "10_filter": 0.04548192024230957
        },
        "create_base_extracted_entities": {
            "overall": 49.39897918701172,
            "0_entity_extract": 48.92754793167114,
            "1_merge_graphs": 0.45712995529174805
        },
        "create_summarized_entities": {
            "overall": 13.4771089553833,
            "0_summarize_descriptions": 13.4617440700531
        },
        "create_base_entity_graph": {
            "overall": 0.8271679878234863,
            "0_cluster_graph": 0.7950940132141113,
            "1_select": 0.01752495765686035
        },
        "create_final_entities": {
            "overall": 5.2719340324401855,
            "0_unpack_graph": 0.37822985649108887,
            "1_rename": 0.024133920669555664,
            "2_select": 0.032079219818115234,
            "3_dedupe": 0.024227142333984375,
            "4_rename": 0.026379108428955078,
            "5_filter": 0.07585620880126953,
            "6_text_split": 0.0571589469909668,
            "7_drop": 0.02329111099243164,
            "8_merge": 0.28139424324035645,
            "9_text_embed": 4.25626802444458,
            "10_drop": 0.024981021881103516,
            "11_filter": 0.050295114517211914
        },
        "create_final_nodes": {
            "overall": 2.6428380012512207,
            "0_layout_graph": 0.9087650775909424,
            "1_unpack_graph": 0.6230101585388184,
            "2_unpack_graph": 0.338533878326416,
            "3_filter": 0.2743208408355713,
            "4_drop": 0.03987407684326172,
            "5_select": 0.046475887298583984,
            "6_rename": 0.04722905158996582,
            "7_convert": 0.1941239833831787,
            "8_join": 0.08289098739624023,
            "9_rename": 0.0563359260559082
        },
        "create_final_communities": {
            "overall": 5.395495176315308,
            "0_unpack_graph": 0.6811709403991699,
            "1_unpack_graph": 1.2748780250549316,
            "2_aggregate_override": 0.07971000671386719,
            "3_join": 0.6009581089019775,
            "4_join": 0.6993269920349121,
            "5_concat": 0.2078230381011963,
            "6_filter": 1.3827271461486816,
            "7_aggregate_override": 0.06247115135192871,
            "8_join": 0.049475908279418945,
            "9_filter": 0.08930015563964844,
            "10_fill": 0.054414987564086914,
            "11_merge": 0.08723783493041992,
            "12_copy": 0.03937101364135742,
            "13_select": 0.0310208797454834
        },
        "join_text_units_to_entity_ids": {
            "overall": 0.20505499839782715,
            "0_select": 0.04906606674194336,
            "1_unroll": 0.048227787017822266,
            "2_aggregate_override": 0.061578989028930664
        },
        "create_final_relationships": {
            "overall": 1.4836788177490234,
            "0_unpack_graph": 0.40537405014038086,
            "1_filter": 0.21886205673217773,
            "2_rename": 0.18751192092895508,
            "3_filter": 0.2647998332977295,
            "4_drop": 0.04895186424255371,
            "5_compute_edge_combined_degree": 0.06370210647583008,
            "6_convert": 0.16816306114196777,
            "7_convert": 0.05197286605834961
        },
        "join_text_units_to_relationship_ids": {
            "overall": 0.2303600311279297,
            "0_select": 0.041899919509887695,
            "1_unroll": 0.04096508026123047,
            "2_aggregate_override": 0.06775784492492676,
            "3_select": 0.04397988319396973
        },
        "create_final_community_reports": {
            "overall": 99.19289207458496,
            "0_prepare_community_reports_nodes": 0.08052825927734375,
            "1_prepare_community_reports_edges": 0.06303787231445312,
            "2_restore_community_hierarchy": 0.07495498657226562,
            "3_prepare_community_reports": 0.7880709171295166,
            "4_create_community_reports": 98.09609794616699,
            "5_window": 0.04218316078186035
        },
        "create_final_text_units": {
            "overall": 0.2909891605377197,
            "0_select": 0.040419816970825195,
            "1_rename": 0.038330793380737305,
            "2_join": 0.04230690002441406,
            "3_join": 0.04890584945678711,
            "4_aggregate_override": 0.04167914390563965,
            "5_select": 0.038645029067993164
        },
        "create_base_documents": {
            "overall": 0.6437239646911621,
            "0_unroll": 0.05615735054016113,
            "1_select": 0.04323101043701172,
            "2_rename": 0.07328104972839355,
            "3_join": 0.05586504936218262,
            "4_aggregate_override": 0.06649017333984375,
            "5_join": 0.08727717399597168,
            "6_rename": 0.05114865303039551,
            "7_convert": 0.15633201599121094
        },
        "create_final_documents": {
            "overall": 0.09622311592102051,
            "0_rename": 0.04796886444091797
        }
    }
}